1	1	(s)-trans-2-amino-4-(2-aminoethoxy)-3-butenoa	2017-10-13 00:05:00	NULL	1	NULL	NULL	NULL
2	1	1-(3-methylphenyl)4-methyl-pentene	2017-10-13 00:05:00	NULL	1	NULL	NULL	NULL
3	1	1-aminocyclopropanecarboxylate	2017-10-13 00:05:00	NULL	1	NULL	NULL	CHEBI:30526
4	1	1-caffeoylquinate	2017-10-13 00:05:00	NULL	1	NULL	NULL	NULL
5	1	1-deoxy-d-xylulose 5-phosphate	2017-10-13 00:05:00	NULL	1	NULL	NULL	CHEBI:16493 | CHEBI:57792 | CHEBI:57792
6	1	1-monohexadecanoglycerol	2017-10-13 00:05:00	NULL	1	NULL	NULL	NULL
7	1	1-monooctodecanoglycerol	2017-10-13 00:05:00	NULL	1	NULL	NULL	NULL
8	1	1-o-benzyl-beta-glucoside	2017-10-13 00:05:00	NULL	1	NULL	NULL	NULL
9	1	1-o-methyl-alpha-galactoside	2017-10-13 00:05:00	NULL	1	NULL	NULL	NULL
10	1	1-o-methyl-beta-galactoside	2017-10-13 00:05:00	NULL	1	NULL	NULL	NULL
11	1	13(s)-hydroperoxy-9-(z),11(e)-octadecadienoic	2017-10-13 00:05:00	NULL	1	NULL	NULL	NULL
12	1	13-hydroperoxylinolenic acid	2017-10-13 00:05:00	NULL	1	NULL	NULL	NULL
13	1	15-cis-phytoene	2017-10-13 00:05:00	NULL	1	NULL	NULL	CHEBI:27787
14	1	2(e)-hexenal	2017-10-13 00:05:00	NULL	1	NULL	NULL	NULL
15	1	2,3-dimethyl-5-phytilquinol	2017-10-13 00:05:00	NULL	1	NULL	NULL	NULL
16	1	2,3-dimethyl-6-geranylgeranylbenzoquinol	2017-10-13 00:05:00	NULL	1	NULL	NULL	NULL
17	1	2,5-dimethoxycinnamate	2017-10-13 00:05:00	NULL	1	NULL	NULL	NULL
18	1	2,6-dimethyl-hept-5-en-1-al	2017-10-13 00:05:00	NULL	1	NULL	NULL	NULL
19	1	2-aminoadipic acid	2017-10-13 00:05:00	NULL	1	NULL	NULL	CHEBI:37024
20	1	2-aminobenzoate	2017-10-13 00:05:00	NULL	1	NULL	NULL	CHEBI:16567
21	1	2-aminobutyrate	2017-10-13 00:05:00	NULL	1	NULL	NULL	NULL
22	1	2-c-methyl-d-erythritol 2,4-cyclodiphosphate	2017-10-13 00:05:00	NULL	1	NULL	NULL	NULL
23	1	2-c-methylerythritol 4-phosphate	2017-10-13 00:05:00	NULL	1	NULL	NULL	NULL
24	1	2-coumarate	2017-10-13 00:05:00	NULL	1	NULL	NULL	CHEBI:11594
25	1	2-decaprenyl-3-methyl-6-methoxy-1,4-benzoquin	2017-10-13 00:05:00	NULL	1	NULL	NULL	NULL
26	1	2-decaprenyl-6-methoxy-1,4-benzoquinol	2017-10-13 00:05:00	NULL	1	NULL	NULL	CHEBI:64180
27	1	2-decaprenyl-6-methoxyphenol	2017-10-13 00:05:00	NULL	1	NULL	NULL	CHEBI:50774
28	1	2-deoxyglucose	2017-10-13 00:05:00	NULL	1	NULL	NULL	NULL
29	1	2-ethylhexanoic acid	2017-10-13 00:05:00	NULL	1	NULL	NULL	NULL
30	1	2-hydroxycinnamate	2017-10-13 00:05:00	NULL	1	NULL	NULL	NULL
31	1	2-methoxycinnamate	2017-10-13 00:05:00	NULL	1	NULL	NULL	NULL
32	1	2-methyl-6-geranylgeranyl-1,4-benzoquinol	2017-10-13 00:05:00	NULL	1	NULL	NULL	NULL
33	1	2-methyl-6-phytylquinol	2017-10-13 00:05:00	NULL	1	NULL	NULL	NULL
34	1	2-methylcitrate	2017-10-13 00:05:00	NULL	1	NULL	NULL	CHEBI:15598 | CHEBI:30836
35	1	2-nonaprenyl-3-methyl-6-methoxy-1,4-benzoquin	2017-10-13 00:05:00	NULL	1	NULL	NULL	NULL
36	1	2-nonaprenyl-6-methoxy-1,4-benzoquinol	2017-10-13 00:05:00	NULL	1	NULL	NULL	NULL
37	1	2-nonaprenyl-6-methoxyphenol	2017-10-13 00:05:00	NULL	1	NULL	NULL	NULL
38	1	2-o-glycerol-beta-d-galactose	2017-10-13 00:05:00	NULL	1	NULL	NULL	NULL
39	1	2-oxogluconate	2017-10-13 00:05:00	NULL	1	NULL	NULL	NULL
40	1	2-oxoglutarate	2017-10-13 00:05:00	NULL	1	NULL	NULL	CHEBI:16810
41	1	2-phytyl-1,4-naphthoquinone	2017-10-13 00:05:00	NULL	1	NULL	NULL	CHEBI:31087
42	1	2-polyprenyl-3-methyl-6-methoxy-1,4-benzoquin	2017-10-13 00:05:00	NULL	1	NULL	NULL	NULL
43	1	2-polyprenyl-6-methoxy-1,4-benzoquinone	2017-10-13 00:05:00	NULL	1	NULL	NULL	NULL
44	1	2-polyprenyl-6-methoxyphenol	2017-10-13 00:05:00	NULL	1	NULL	NULL	NULL
45	1	2-trans,6-trans-farnesyl diphosphate	2017-10-13 00:05:00	NULL	1	NULL	NULL	CHEBI:17407
46	1	22(s),23(s)-homobrassinolide	2017-10-13 00:05:00	NULL	1	NULL	NULL	NULL
47	1	24-epibrassinolide	2017-10-13 00:05:00	NULL	1	NULL	NULL	NULL
48	1	24-epicastasterone	2017-10-13 00:05:00	NULL	1	NULL	NULL	NULL
49	1	28-homocastasterone	2017-10-13 00:05:00	NULL	1	NULL	NULL	NULL
50	1	3(e)-hexenal	2017-10-13 00:05:00	NULL	1	NULL	NULL	NULL
51	1	3(e)-hexenol	2017-10-13 00:05:00	NULL	1	NULL	NULL	NULL
52	1	3(z)-hexenal	2017-10-13 00:05:00	NULL	1	NULL	NULL	NULL
53	1	3(z)-hexenol	2017-10-13 00:05:00	NULL	1	NULL	NULL	NULL
54	1	3,4,5-trimethoxycinnamate	2017-10-13 00:05:00	NULL	1	NULL	NULL	CHEBI:58949
55	1	3,4-dihydroxybenzylamine	2017-10-13 00:05:00	NULL	1	NULL	NULL	NULL
56	1	3,4-dihydroxyhydrocinnamate	2017-10-13 00:05:00	NULL	1	NULL	NULL	NULL
57	1	3,4-dimethoxycinnamate	2017-10-13 00:05:00	NULL	1	NULL	NULL	NULL
58	1	3,5-dimethoxycinnamate	2017-10-13 00:05:00	NULL	1	NULL	NULL	NULL
59	1	3-(2,4-dihydoxyphenyl)propionate	2017-10-13 00:05:00	NULL	1	NULL	NULL	NULL
60	1	3-aminobutyrate	2017-10-13 00:05:00	NULL	1	NULL	NULL	NULL
61	1	3-caffeoylquinate	2017-10-13 00:05:00	NULL	1	NULL	NULL	NULL
62	1	3-decaprenyl-4,5-dihydroxybenzoate	2017-10-13 00:05:00	NULL	1	NULL	NULL	CHEBI:62793
63	1	3-decaprenyl-4-hydroxy-5-methoxybenzoate	2017-10-13 00:05:00	NULL	1	NULL	NULL	CHEBI:62796
64	1	3-decaprenyl-4-hydroxybenzoate	2017-10-13 00:05:00	NULL	1	NULL	NULL	CHEBI:64136
65	1	3-dehydroquinate	2017-10-13 00:05:00	NULL	1	NULL	NULL	CHEBI:32364
66	1	3-demethylubiquinol-10	2017-10-13 00:05:00	NULL	1	NULL	NULL	CHEBI:64182
67	1	3-demethylubiquinol-9	2017-10-13 00:05:00	NULL	1	NULL	NULL	NULL
68	1	3-demethylubiquinone-9	2017-10-13 00:05:00	NULL	1	NULL	NULL	CHEBI:18238 | CHEBI:58417
69	1	3-deoxyglucose	2017-10-13 00:05:00	NULL	1	NULL	NULL	NULL
70	1	3-hydroxy-3-methylglutaryl-coa	2017-10-13 00:05:00	NULL	1	NULL	NULL	CHEBI:11814
71	1	3-hydroxycinnamate	2017-10-13 00:05:00	NULL	1	NULL	NULL	NULL
72	1	3-methoxycinnamate	2017-10-13 00:05:00	NULL	1	NULL	NULL	NULL
73	1	3-nonaprenyl-4,5-dihydroxybenzoate	2017-10-13 00:05:00	NULL	1	NULL	NULL	CHEBI:62789
74	1	3-nonaprenyl-4-hydroxy-5-methoxybenzoate	2017-10-13 00:05:00	NULL	1	NULL	NULL	CHEBI:62791
75	1	3-o-methylglucose	2017-10-13 00:05:00	NULL	1	NULL	NULL	NULL
76	1	3-phenylpropionate	2017-10-13 00:05:00	NULL	1	NULL	NULL	CHEBI:51057
77	1	3-polyprenyl-4,5-dihydroxybenzoate	2017-10-13 00:05:00	NULL	1	NULL	NULL	NULL
78	1	3-polyprenyl-4-hydroxy-5-methoxybenzoate	2017-10-13 00:05:00	NULL	1	NULL	NULL	NULL
79	1	3-pyrroline	2017-10-13 00:05:00	NULL	1	NULL	NULL	CHEBI:20198
80	1	4-(methylamino)benzoate	2017-10-13 00:05:00	NULL	1	NULL	NULL	NULL
81	1	4-aminobenzoate	2017-10-13 00:05:00	NULL	1	NULL	NULL	CHEBI:17836
82	1	4-aminocinnamate	2017-10-13 00:05:00	NULL	1	NULL	NULL	NULL
83	1	4-caffeoylquinate-cis	2017-10-13 00:05:00	NULL	1	NULL	NULL	NULL
84	1	4-caffeoylquinate-trans	2017-10-13 00:05:00	NULL	1	NULL	NULL	NULL
85	1	4-coumarate	2017-10-13 00:05:00	NULL	1	NULL	NULL	CHEBI:32373
86	1	4-coumaryl alcohol	2017-10-13 00:05:00	NULL	1	NULL	NULL	NULL
87	1	4-coumaryl aldehyde	2017-10-13 00:05:00	NULL	1	NULL	NULL	NULL
88	1	4-diphosphocytidyl-2-c-methyl-d-erythritol 2-	2017-10-13 00:05:00	NULL	1	NULL	NULL	NULL
89	1	4-diphosphocytidyl-2-c-methylerythritol	2017-10-13 00:05:00	NULL	1	NULL	NULL	NULL
90	1	4-hydroxy-3-methoxycinnamaldehyde	2017-10-13 00:05:00	NULL	1	NULL	NULL	NULL
91	1	4-hydroxy-3-methylbut-2-enyl-diphosphate	2017-10-13 00:05:00	NULL	1	NULL	NULL	NULL
92	1	4-hydroxy-3-polyprenylbenzoate	2017-10-13 00:05:00	NULL	1	NULL	NULL	NULL
93	1	4-hydroxybenzoate	2017-10-13 00:05:00	NULL	1	NULL	NULL	CHEBI:17879
94	1	4-methoxycinnamate	2017-10-13 00:05:00	NULL	1	NULL	NULL	NULL
95	1	5-alpha-cholestane	2017-10-13 00:05:00	NULL	1	NULL	NULL	NULL
96	1	5-aminolevulinate	2017-10-13 00:05:00	NULL	1	NULL	NULL	CHEBI:12109 | CHEBI:356416
97	1	5-caffeoylquinate	2017-10-13 00:05:00	NULL	1	NULL	NULL	NULL
98	1	5-deoxystrigol	2017-10-13 00:05:00	NULL	1	NULL	NULL	NULL
99	1	6-benzylaminopurine	2017-10-13 00:05:00	NULL	1	NULL	NULL	NULL
100	1	6-benzylaminopurine-9-(beta-glucoside)	2017-10-13 00:05:00	NULL	1	NULL	NULL	NULL
101	1	6-methyl-5-hepten-2-one	2017-10-13 00:05:00	NULL	1	NULL	NULL	NULL
102	1	8-oh-aba	2017-10-13 00:05:00	NULL	1	NULL	NULL	NULL
103	1	9, 15-cis-phytofluene	2017-10-13 00:05:00	NULL	1	NULL	NULL	NULL
104	1	9,12-octadecadieneoic acid	2017-10-13 00:05:00	NULL	1	NULL	NULL	NULL
105	1	9-cis-b-carotene	2017-10-13 00:05:00	NULL	1	NULL	NULL	NULL
106	1	9-oh-aba	2017-10-13 00:05:00	NULL	1	NULL	NULL	NULL
107	1	a-ionone	2017-10-13 00:05:00	NULL	1	NULL	NULL	NULL
108	1	a-tocopherol quinone	2017-10-13 00:05:00	NULL	1	NULL	NULL	NULL
109	1	a-tocotrienol	2017-10-13 00:05:00	NULL	1	NULL	NULL	NULL
110	1	aba	2017-10-13 00:05:00	NULL	1	NULL	NULL	CHEBI:2365 | CHEBI:53554
111	1	aba aldehyde	2017-10-13 00:05:00	NULL	1	NULL	NULL	NULL
112	1	aba-glucose-ester	2017-10-13 00:05:00	NULL	1	NULL	NULL	NULL
113	1	acetoacetyl-coa	2017-10-13 00:05:00	NULL	1	NULL	NULL	CHEBI:15345 | CHEBI:57286
114	1	acetophenone	2017-10-13 00:05:00	NULL	1	NULL	NULL	CHEBI:27632
115	1	acetyl-coa	2017-10-13 00:05:00	NULL	1	NULL	NULL	CHEBI:15351 | CHEBI:57288
116	1	acetyloleanolic acid	2017-10-13 00:05:00	NULL	1	NULL	NULL	NULL
117	1	acetylsalicylate	2017-10-13 00:05:00	NULL	1	NULL	NULL	CHEBI:13719
118	1	aconitate	2017-10-13 00:05:00	NULL	1	NULL	NULL	NULL
119	1	adenine	2017-10-13 00:05:00	NULL	1	NULL	NULL	CHEBI:16708
120	1	adenosine	2017-10-13 00:05:00	NULL	1	NULL	NULL	CHEBI:16335
121	1	adenosine 5-phosphosulfate	2017-10-13 00:05:00	NULL	1	NULL	NULL	CHEBI:58243
122	1	adp	2017-10-13 00:05:00	NULL	1	NULL	NULL	CHEBI:16761 | CHEBI:456216
123	1	adp-glucose	2017-10-13 00:05:00	NULL	1	NULL	NULL	CHEBI:15751
124	1	agmatine	2017-10-13 00:05:00	NULL	1	NULL	NULL	CHEBI:17431 | CHEBI:58145
125	1	alanine	2017-10-13 00:05:00	NULL	1	NULL	NULL	CHEBI:16449
126	1	all-trans-b-carotene	2017-10-13 00:05:00	NULL	1	NULL	NULL	NULL
127	1	all-trans-decaprenyl diphosphate	2017-10-13 00:05:00	NULL	1	NULL	NULL	CHEBI:60721 | CHEBI:61011
128	1	all-trans-nonaprenyl diphosphate	2017-10-13 00:05:00	NULL	1	NULL	NULL	CHEBI:18144 | CHEBI:58391
129	1	allantoin	2017-10-13 00:05:00	NULL	1	NULL	NULL	CHEBI:15676
130	1	alpha carotene	2017-10-13 00:05:00	NULL	1	NULL	NULL	CHEBI:28425
131	1	alpha-hydroxyphenylpropionate	2017-10-13 00:05:00	NULL	1	NULL	NULL	NULL
132	1	alpha-pinene	2017-10-13 00:05:00	NULL	1	NULL	NULL	CHEBI:36740
133	1	alpha-tocopherol	2017-10-13 00:05:00	NULL	1	NULL	NULL	NULL
134	1	ammonium	2017-10-13 00:05:00	NULL	1	NULL	NULL	CHEBI:28938
135	1	amp	2017-10-13 00:05:00	NULL	1	NULL	NULL	CHEBI:16027 | CHEBI:28971 | CHEBI:456215
136	1	antheraxanthin	2017-10-13 00:05:00	NULL	1	NULL	NULL	CHEBI:27867
137	1	apo-b-carotenal	2017-10-13 00:05:00	NULL	1	NULL	NULL	NULL
138	1	arabinose	2017-10-13 00:05:00	NULL	1	NULL	NULL	NULL
139	1	arbutin	2017-10-13 00:05:00	NULL	1	NULL	NULL	NULL
140	1	arginine	2017-10-13 00:05:00	NULL	1	NULL	NULL	CHEBI:16467 | CHEBI:29016 | CHEBI:29016 | CHEBI:32696
141	1	ascorbate	2017-10-13 00:05:00	NULL	1	NULL	NULL	CHEBI:22651
142	1	asparagine	2017-10-13 00:05:00	NULL	1	NULL	NULL	CHEBI:22653
143	1	aspartate	2017-10-13 00:05:00	NULL	1	NULL	NULL	CHEBI:29995
144	1	atp	2017-10-13 00:05:00	NULL	1	NULL	NULL	CHEBI:15422 | CHEBI:30616
145	1	b-cyclocitral	2017-10-13 00:05:00	NULL	1	NULL	NULL	NULL
146	1	b-cyclohomocitral	2017-10-13 00:05:00	NULL	1	NULL	NULL	NULL
147	1	b-damascenone	2017-10-13 00:05:00	NULL	1	NULL	NULL	NULL
148	1	b-ionone	2017-10-13 00:05:00	NULL	1	NULL	NULL	NULL
149	1	b-ionone 5,6 epoxyde	2017-10-13 00:05:00	NULL	1	NULL	NULL	NULL
150	1	b-tocotrienol	2017-10-13 00:05:00	NULL	1	NULL	NULL	NULL
151	1	benzaldehyde	2017-10-13 00:05:00	NULL	1	NULL	NULL	CHEBI:17169
152	1	benzoate	2017-10-13 00:05:00	NULL	1	NULL	NULL	CHEBI:16150
153	1	benzoylformic acid	2017-10-13 00:05:00	NULL	1	NULL	NULL	NULL
154	1	benzylalcohol	2017-10-13 00:05:00	NULL	1	NULL	NULL	NULL
155	1	beta carotene	2017-10-13 00:05:00	NULL	1	NULL	NULL	NULL
156	1	beta-alanine	2017-10-13 00:05:00	NULL	1	NULL	NULL	CHEBI:16958 | CHEBI:57966
157	1	beta-damascenone	2017-10-13 00:05:00	NULL	1	NULL	NULL	NULL
158	1	beta-gentiobiose	2017-10-13 00:05:00	NULL	1	NULL	NULL	NULL
159	1	beta-hydroxyphenylpropionate	2017-10-13 00:05:00	NULL	1	NULL	NULL	NULL
160	1	beta-indole-3-acetonitrile	2017-10-13 00:05:00	NULL	1	NULL	NULL	NULL
161	1	beta-ionone	2017-10-13 00:05:00	NULL	1	NULL	NULL	CHEBI:32325
162	1	beta-oxophenylpropionate	2017-10-13 00:05:00	NULL	1	NULL	NULL	NULL
163	1	beta-pinene	2017-10-13 00:05:00	NULL	1	NULL	NULL	CHEBI:50025
164	1	beta-sitosterol	2017-10-13 00:05:00	NULL	1	NULL	NULL	NULL
165	1	beta-tocopherol	2017-10-13 00:05:00	NULL	1	NULL	NULL	CHEBI:47771
166	1	betaine	2017-10-13 00:05:00	NULL	1	NULL	NULL	NULL
167	1	brassinolide	2017-10-13 00:05:00	NULL	1	NULL	NULL	CHEBI:28277
168	1	butanoic acid	2017-10-13 00:05:00	NULL	1	NULL	NULL	NULL
169	1	buthylhydroxytoluene	2017-10-13 00:05:00	NULL	1	NULL	NULL	NULL
170	1	butylamine	2017-10-13 00:05:00	NULL	1	NULL	NULL	CHEBI:43799
171	1	caffeate	2017-10-13 00:05:00	NULL	1	NULL	NULL	NULL
172	1	calystegine a3	2017-10-13 00:05:00	NULL	1	NULL	NULL	NULL
173	1	calystegine b1	2017-10-13 00:05:00	NULL	1	NULL	NULL	NULL
174	1	calystegine b2	2017-10-13 00:05:00	NULL	1	NULL	NULL	NULL
175	1	calystegine b3	2017-10-13 00:05:00	NULL	1	NULL	NULL	NULL
176	1	calystegine b4	2017-10-13 00:05:00	NULL	1	NULL	NULL	NULL
177	1	calystegine c1	2017-10-13 00:05:00	NULL	1	NULL	NULL	NULL
178	1	camp	2017-10-13 00:05:00	NULL	1	NULL	NULL	NULL
179	1	campesterol	2017-10-13 00:05:00	NULL	1	NULL	NULL	CHEBI:28623
180	1	carbodiimide	2017-10-13 00:05:00	NULL	1	NULL	NULL	NULL
181	1	carlactone	2017-10-13 00:05:00	NULL	1	NULL	NULL	NULL
182	1	castasterone	2017-10-13 00:05:00	NULL	1	NULL	NULL	CHEBI:23051
183	1	cdp	2017-10-13 00:05:00	NULL	1	NULL	NULL	CHEBI:17239 | CHEBI:3611 | CHEBI:58069
184	1	cellobiose	2017-10-13 00:05:00	NULL	1	NULL	NULL	CHEBI:17057
185	1	chavicol	2017-10-13 00:05:00	NULL	1	NULL	NULL	CHEBI:50158
186	1	chlorogenate-cis	2017-10-13 00:05:00	NULL	1	NULL	NULL	NULL
187	1	chlorogenate-trans	2017-10-13 00:05:00	NULL	1	NULL	NULL	NULL
188	1	chlorophyll a	2017-10-13 00:05:00	NULL	1	NULL	NULL	CHEBI:18230
189	1	chlorophyll b	2017-10-13 00:05:00	NULL	1	NULL	NULL	CHEBI:27888 | CHEBI:61721
190	1	chlorophyllide a	2017-10-13 00:05:00	NULL	1	NULL	NULL	CHEBI:16900 | CHEBI:57942
191	1	chlorophyllide b	2017-10-13 00:05:00	NULL	1	NULL	NULL	CHEBI:38209 | CHEBI:58686
192	1	cholesterol	2017-10-13 00:05:00	NULL	1	NULL	NULL	CHEBI:16113
193	1	cholesteryl oleate	2017-10-13 00:05:00	NULL	1	NULL	NULL	CHEBI:46898
194	1	choline	2017-10-13 00:05:00	NULL	1	NULL	NULL	CHEBI:15354
195	1	chorismate	2017-10-13 00:05:00	NULL	1	NULL	NULL	CHEBI:29748
196	1	cinnamaldehyde	2017-10-13 00:05:00	NULL	1	NULL	NULL	CHEBI:16731
197	1	cinnamate	2017-10-13 00:05:00	NULL	1	NULL	NULL	CHEBI:23248
198	1	citramalate	2017-10-13 00:05:00	NULL	1	NULL	NULL	CHEBI:13997
199	1	citrate	2017-10-13 00:05:00	NULL	1	NULL	NULL	CHEBI:16947
200	1	citrulline	2017-10-13 00:05:00	NULL	1	NULL	NULL	CHEBI:18211
201	1	clotrimazole	2017-10-13 00:05:00	NULL	1	NULL	NULL	CHEBI:3764
202	1	cmp	2017-10-13 00:05:00	NULL	1	NULL	NULL	CHEBI:17361
203	1	coa-s-s-coa	2017-10-13 00:05:00	NULL	1	NULL	NULL	NULL
204	1	coa-sh	2017-10-13 00:05:00	NULL	1	NULL	NULL	NULL
205	1	coniferyl alcohol	2017-10-13 00:05:00	NULL	1	NULL	NULL	NULL
206	1	coniferyl aldehyde	2017-10-13 00:05:00	NULL	1	NULL	NULL	CHEBI:16547
207	1	coproporphirinogen iii	2017-10-13 00:05:00	NULL	1	NULL	NULL	NULL
208	1	coumarine	2017-10-13 00:05:00	NULL	1	NULL	NULL	NULL
209	1	cpob-coa	2017-10-13 00:05:00	NULL	1	NULL	NULL	NULL
210	1	ctp	2017-10-13 00:05:00	NULL	1	NULL	NULL	CHEBI:17677 | CHEBI:37563
211	1	cystathionine	2017-10-13 00:05:00	NULL	1	NULL	NULL	CHEBI:17755
212	1	cysteine	2017-10-13 00:05:00	NULL	1	NULL	NULL	CHEBI:15356 | CHEBI:35237
213	1	cytidine	2017-10-13 00:05:00	NULL	1	NULL	NULL	CHEBI:17562
214	1	d-tocotrienol	2017-10-13 00:05:00	NULL	1	NULL	NULL	NULL
215	1	dctp	2017-10-13 00:05:00	NULL	1	NULL	NULL	CHEBI:16311 | CHEBI:61481
216	1	decyl-plastoquinone	2017-10-13 00:05:00	NULL	1	NULL	NULL	NULL
217	1	dehydroascorbate	2017-10-13 00:05:00	NULL	1	NULL	NULL	CHEBI:58070 | CHEBI:58539
218	1	delta carotene	2017-10-13 00:05:00	NULL	1	NULL	NULL	CHEBI:27705
219	1	delta-tocopherol	2017-10-13 00:05:00	NULL	1	NULL	NULL	CHEBI:47772
220	1	demethylmenaquinone-8	2017-10-13 00:05:00	NULL	1	NULL	NULL	NULL
221	1	dhna	2017-10-13 00:05:00	NULL	1	NULL	NULL	NULL
222	1	dhna-coa	2017-10-13 00:05:00	NULL	1	NULL	NULL	CHEBI:52668
223	1	di-cis-z-carotene	2017-10-13 00:05:00	NULL	1	NULL	NULL	NULL
224	1	digalactosylglycerol	2017-10-13 00:05:00	NULL	1	NULL	NULL	NULL
225	1	digitoxin	2017-10-13 00:05:00	NULL	1	NULL	NULL	CHEBI:28544
226	1	digoxin	2017-10-13 00:05:00	NULL	1	NULL	NULL	CHEBI:4551
227	1	dihydro 4-coumaryl alcohol	2017-10-13 00:05:00	NULL	1	NULL	NULL	NULL
228	1	dihydro coniferyl alcohol	2017-10-13 00:05:00	NULL	1	NULL	NULL	NULL
229	1	dihydroactinidiolide	2017-10-13 00:05:00	NULL	1	NULL	NULL	NULL
230	1	dihydrogeranylgeranyl-chlorophyll a	2017-10-13 00:05:00	NULL	1	NULL	NULL	NULL
231	1	dihydroorotate	2017-10-13 00:05:00	NULL	1	NULL	NULL	CHEBI:30867
232	1	dihydroxyacetone phosphate	2017-10-13 00:05:00	NULL	1	NULL	NULL	CHEBI:16108
233	1	dimethylallyl-pyrophosphate	2017-10-13 00:05:00	NULL	1	NULL	NULL	NULL
234	1	dioleoylglycerol	2017-10-13 00:05:00	NULL	1	NULL	NULL	NULL
235	1	diphosphatidylglycerol	2017-10-13 00:05:00	NULL	1	NULL	NULL	NULL
236	1	disaccharide	2017-10-13 00:05:00	NULL	1	NULL	NULL	NULL
237	1	divynilprotochlorophyllide a	2017-10-13 00:05:00	NULL	1	NULL	NULL	NULL
238	1	dmggbq	2017-10-13 00:05:00	NULL	1	NULL	NULL	NULL
239	1	docosanol	2017-10-13 00:05:00	NULL	1	NULL	NULL	CHEBI:31000
240	1	dodecanol	2017-10-13 00:05:00	NULL	1	NULL	NULL	NULL
241	1	dopa	2017-10-13 00:05:00	NULL	1	NULL	NULL	CHEBI:60427
242	1	dopamine	2017-10-13 00:05:00	NULL	1	NULL	NULL	CHEBI:18243 | CHEBI:59905
243	1	eicosanoate	2017-10-13 00:05:00	NULL	1	NULL	NULL	CHEBI:32360
244	1	epoxygeranial	2017-10-13 00:05:00	NULL	1	NULL	NULL	NULL
245	1	ergosterol	2017-10-13 00:05:00	NULL	1	NULL	NULL	CHEBI:16933
246	1	erythritol	2017-10-13 00:05:00	NULL	1	NULL	NULL	CHEBI:17113
247	1	erythronic acid	2017-10-13 00:05:00	NULL	1	NULL	NULL	NULL
248	1	erythrose	2017-10-13 00:05:00	NULL	1	NULL	NULL	NULL
249	1	ethanolamine	2017-10-13 00:05:00	NULL	1	NULL	NULL	CHEBI:16000 | CHEBI:57603
250	1	eugenol	2017-10-13 00:05:00	NULL	1	NULL	NULL	CHEBI:4917
251	1	farnesyl acetone	2017-10-13 00:05:00	NULL	1	NULL	NULL	NULL
252	1	fatty acid 16.0	2017-10-13 00:05:00	NULL	1	NULL	NULL	NULL
253	1	fatty acid 18.0	2017-10-13 00:05:00	NULL	1	NULL	NULL	NULL
254	1	ferulate	2017-10-13 00:05:00	NULL	1	NULL	NULL	CHEBI:29749
255	1	fructose	2017-10-13 00:05:00	NULL	1	NULL	NULL	NULL
256	1	fructose 6-phosphate	2017-10-13 00:05:00	NULL	1	NULL	NULL	CHEBI:88003
257	1	fructose-1,6-biphosphate	2017-10-13 00:05:00	NULL	1	NULL	NULL	NULL
258	1	fructose-2,6-biphosphate	2017-10-13 00:05:00	NULL	1	NULL	NULL	NULL
259	1	fucose	2017-10-13 00:05:00	NULL	1	NULL	NULL	NULL
260	1	fucosterol	2017-10-13 00:05:00	NULL	1	NULL	NULL	CHEBI:27865
261	1	fumarate	2017-10-13 00:05:00	NULL	1	NULL	NULL	CHEBI:29806
262	1	g-tocotrienol	2017-10-13 00:05:00	NULL	1	NULL	NULL	NULL
263	1	gaba	2017-10-13 00:05:00	NULL	1	NULL	NULL	CHEBI:16865
264	1	galactinol	2017-10-13 00:05:00	NULL	1	NULL	NULL	NULL
265	1	galactitol	2017-10-13 00:05:00	NULL	1	NULL	NULL	CHEBI:16813
266	1	galactonate	2017-10-13 00:05:00	NULL	1	NULL	NULL	NULL
267	1	galactonate-gamma-lactone	2017-10-13 00:05:00	NULL	1	NULL	NULL	NULL
268	1	galactose	2017-10-13 00:05:00	NULL	1	NULL	NULL	CHEBI:28260
269	1	galactose-6-p	2017-10-13 00:05:00	NULL	1	NULL	NULL	NULL
270	1	galacturonate	2017-10-13 00:05:00	NULL	1	NULL	NULL	NULL
271	1	gamma-tocopherol	2017-10-13 00:05:00	NULL	1	NULL	NULL	CHEBI:18185
272	1	gdp	2017-10-13 00:05:00	NULL	1	NULL	NULL	CHEBI:17552 | CHEBI:58189
273	1	geranial	2017-10-13 00:05:00	NULL	1	NULL	NULL	CHEBI:16980
274	1	geranyl acetone	2017-10-13 00:05:00	NULL	1	NULL	NULL	CHEBI:67206
275	1	geranyl pyrophosphate	2017-10-13 00:05:00	NULL	1	NULL	NULL	CHEBI:17211 | CHEBI:58057
276	1	geranylgeranyl pyrophosphate	2017-10-13 00:05:00	NULL	1	NULL	NULL	CHEBI:48861
277	1	geranylgeranyl pyrophosphate (ggdp)	2017-10-13 00:05:00	NULL	1	NULL	NULL	CHEBI:48861
278	1	geranylgeranyl-chlorophyll a	2017-10-13 00:05:00	NULL	1	NULL	NULL	CHEBI:64668
279	1	gibberellate (ga3)	2017-10-13 00:05:00	NULL	1	NULL	NULL	NULL
280	1	glucarate	2017-10-13 00:05:00	NULL	1	NULL	NULL	NULL
281	1	gluconate	2017-10-13 00:05:00	NULL	1	NULL	NULL	NULL
282	1	gluconate-6-p	2017-10-13 00:05:00	NULL	1	NULL	NULL	NULL
283	1	glucosaminate	2017-10-13 00:05:00	NULL	1	NULL	NULL	NULL
284	1	glucosamine	2017-10-13 00:05:00	NULL	1	NULL	NULL	NULL
285	1	glucose	2017-10-13 00:05:00	NULL	1	NULL	NULL	CHEBI:17234
286	1	glucose 1-phosphate	2017-10-13 00:05:00	NULL	1	NULL	NULL	CHEBI:16218 | CHEBI:29042
287	1	glucose-1,6-biphosphate	2017-10-13 00:05:00	NULL	1	NULL	NULL	NULL
288	1	glucose-3-sulfate	2017-10-13 00:05:00	NULL	1	NULL	NULL	NULL
289	1	glucose-6-p	2017-10-13 00:05:00	NULL	1	NULL	NULL	CHEBI:14314
290	1	glucuronate	2017-10-13 00:05:00	NULL	1	NULL	NULL	NULL
291	1	glutamate	2017-10-13 00:05:00	NULL	1	NULL	NULL	CHEBI:14321 | CHEBI:29987
292	1	glutamate-1-semialdehyde	2017-10-13 00:05:00	NULL	1	NULL	NULL	CHEBI:15757
293	1	glutamine	2017-10-13 00:05:00	NULL	1	NULL	NULL	CHEBI:28300
294	1	glutamyl-trna	2017-10-13 00:05:00	NULL	1	NULL	NULL	NULL
295	1	glutarate	2017-10-13 00:05:00	NULL	1	NULL	NULL	CHEBI:30921
296	1	glyceraldehyde-3-phosphate	2017-10-13 00:05:00	NULL	1	NULL	NULL	CHEBI:17138
297	1	glycerate	2017-10-13 00:05:00	NULL	1	NULL	NULL	CHEBI:16659
298	1	glycerate-1,3-biphosphate	2017-10-13 00:05:00	NULL	1	NULL	NULL	NULL
299	1	glycerate-2-phosphate	2017-10-13 00:05:00	NULL	1	NULL	NULL	NULL
300	1	glycerate-3-phosphate	2017-10-13 00:05:00	NULL	1	NULL	NULL	NULL
301	1	glycerol	2017-10-13 00:05:00	NULL	1	NULL	NULL	CHEBI:17754
302	1	glycerol-2-phosphate	2017-10-13 00:05:00	NULL	1	NULL	NULL	NULL
303	1	glycerol-3-phosphate	2017-10-13 00:05:00	NULL	1	NULL	NULL	NULL
304	1	glycine	2017-10-13 00:05:00	NULL	1	NULL	NULL	CHEBI:15428 | CHEBI:57305
305	1	glycolate	2017-10-13 00:05:00	NULL	1	NULL	NULL	CHEBI:29805
306	1	glyoxylate	2017-10-13 00:05:00	NULL	1	NULL	NULL	CHEBI:36655
307	1	gmp	2017-10-13 00:05:00	NULL	1	NULL	NULL	CHEBI:17345 | CHEBI:58115
308	1	gtp	2017-10-13 00:05:00	NULL	1	NULL	NULL	CHEBI:15996 | CHEBI:37565
309	1	guanine	2017-10-13 00:05:00	NULL	1	NULL	NULL	CHEBI:16235
310	1	guanosine	2017-10-13 00:05:00	NULL	1	NULL	NULL	CHEBI:16750
311	1	gulonate	2017-10-13 00:05:00	NULL	1	NULL	NULL	CHEBI:13115
312	1	gulonate-gamma-lactone	2017-10-13 00:05:00	NULL	1	NULL	NULL	NULL
313	1	gulose	2017-10-13 00:05:00	NULL	1	NULL	NULL	NULL
314	1	haem	2017-10-13 00:05:00	NULL	1	NULL	NULL	NULL
315	1	helicin	2017-10-13 00:05:00	NULL	1	NULL	NULL	NULL
316	1	heptanoic acid	2017-10-13 00:05:00	NULL	1	NULL	NULL	CHEBI:45571
317	1	hexachlorobenzene	2017-10-13 00:05:00	NULL	1	NULL	NULL	CHEBI:5692
318	1	hexacosanol	2017-10-13 00:05:00	NULL	1	NULL	NULL	NULL
319	1	hexanal	2017-10-13 00:05:00	NULL	1	NULL	NULL	NULL
320	1	hexanoic acid	2017-10-13 00:05:00	NULL	1	NULL	NULL	CHEBI:30776
321	1	hexanol	2017-10-13 00:05:00	NULL	1	NULL	NULL	NULL
322	1	histidine	2017-10-13 00:05:00	NULL	1	NULL	NULL	CHEBI:15971
323	1	histidinol-p	2017-10-13 00:05:00	NULL	1	NULL	NULL	NULL
324	1	homocysteine	2017-10-13 00:05:00	NULL	1	NULL	NULL	CHEBI:17230 | CHEBI:58065
325	1	homogentisic acid	2017-10-13 00:05:00	NULL	1	NULL	NULL	CHEBI:44747
326	1	homoglutamine	2017-10-13 00:05:00	NULL	1	NULL	NULL	NULL
327	1	homoserine	2017-10-13 00:05:00	NULL	1	NULL	NULL	CHEBI:15699
328	1	hschdc	2017-10-13 00:05:00	NULL	1	NULL	NULL	NULL
329	1	hydroxychlorophyll a	2017-10-13 00:05:00	NULL	1	NULL	NULL	NULL
330	1	hydroxychlorophyllide a	2017-10-13 00:05:00	NULL	1	NULL	NULL	NULL
331	1	hydroxylamine	2017-10-13 00:05:00	NULL	1	NULL	NULL	CHEBI:15429
332	1	hydroxymethylbilane	2017-10-13 00:05:00	NULL	1	NULL	NULL	CHEBI:57845
333	1	hydroxyphenylpyruvate	2017-10-13 00:05:00	NULL	1	NULL	NULL	CHEBI:29055
334	1	hydroxyproline	2017-10-13 00:05:00	NULL	1	NULL	NULL	CHEBI:18095
335	1	hydroxypyruvate	2017-10-13 00:05:00	NULL	1	NULL	NULL	NULL
336	1	hydroxyurea	2017-10-13 00:05:00	NULL	1	NULL	NULL	CHEBI:44423
337	1	hypoxanthine	2017-10-13 00:05:00	NULL	1	NULL	NULL	CHEBI:17368
338	1	imidazole	2017-10-13 00:05:00	NULL	1	NULL	NULL	CHEBI:16069
339	1	indole-3-acetaldehyde	2017-10-13 00:05:00	NULL	1	NULL	NULL	CHEBI:18086
340	1	indole-3-acetate	2017-10-13 00:05:00	NULL	1	NULL	NULL	CHEBI:30854
341	1	indole-3-acetyl-aspartate	2017-10-13 00:05:00	NULL	1	NULL	NULL	NULL
342	1	indole-3-butyrate	2017-10-13 00:05:00	NULL	1	NULL	NULL	NULL
343	1	indoxyl-beta-d-glucoside	2017-10-13 00:05:00	NULL	1	NULL	NULL	NULL
344	1	inosine	2017-10-13 00:05:00	NULL	1	NULL	NULL	CHEBI:17596
345	1	inositol	2017-10-13 00:05:00	NULL	1	NULL	NULL	CHEBI:24848
346	1	inositol-1-p	2017-10-13 00:05:00	NULL	1	NULL	NULL	NULL
347	1	inositol-2-p	2017-10-13 00:05:00	NULL	1	NULL	NULL	NULL
348	1	ionene	2017-10-13 00:05:00	NULL	1	NULL	NULL	NULL
349	1	isoascorbate	2017-10-13 00:05:00	NULL	1	NULL	NULL	NULL
350	1	isochorismate	2017-10-13 00:05:00	NULL	1	NULL	NULL	CHEBI:29780
351	1	isocitrate	2017-10-13 00:05:00	NULL	1	NULL	NULL	CHEBI:16087
352	1	isoleucine	2017-10-13 00:05:00	NULL	1	NULL	NULL	CHEBI:17191
353	1	isomaltose	2017-10-13 00:05:00	NULL	1	NULL	NULL	CHEBI:28189
354	1	isopentenyl-pyrophoshate	2017-10-13 00:05:00	NULL	1	NULL	NULL	NULL
355	1	itaconate	2017-10-13 00:05:00	NULL	1	NULL	NULL	CHEBI:17240
356	1	jasmonic acid	2017-10-13 00:05:00	NULL	1	NULL	NULL	CHEBI:18292
357	1	kaempferol-3-o-rutinoside	2017-10-13 00:05:00	NULL	1	NULL	NULL	NULL
358	1	kojic acid	2017-10-13 00:05:00	NULL	1	NULL	NULL	CHEBI:43572
359	1	lactate	2017-10-13 00:05:00	NULL	1	NULL	NULL	CHEBI:24996
360	1	lactose	2017-10-13 00:05:00	NULL	1	NULL	NULL	CHEBI:17716
361	1	laminaribiose	2017-10-13 00:05:00	NULL	1	NULL	NULL	CHEBI:18411
362	1	lanosterol	2017-10-13 00:05:00	NULL	1	NULL	NULL	CHEBI:16521
363	1	leucine	2017-10-13 00:05:00	NULL	1	NULL	NULL	CHEBI:25017
364	1	levoglucosan	2017-10-13 00:05:00	NULL	1	NULL	NULL	CHEBI:30997
365	1	limonene	2017-10-13 00:05:00	NULL	1	NULL	NULL	CHEBI:15384
366	1	linaloyl pyrophosphate	2017-10-13 00:05:00	NULL	1	NULL	NULL	NULL
367	1	linoleic acid	2017-10-13 00:05:00	NULL	1	NULL	NULL	CHEBI:17351
368	1	linolenic acid	2017-10-13 00:05:00	NULL	1	NULL	NULL	CHEBI:27432
369	1	lumichrome	2017-10-13 00:05:00	NULL	1	NULL	NULL	CHEBI:17781
370	1	lutein	2017-10-13 00:05:00	NULL	1	NULL	NULL	CHEBI:28838
371	1	luteoxanthin	2017-10-13 00:05:00	NULL	1	NULL	NULL	CHEBI:35334
372	1	lycopene	2017-10-13 00:05:00	NULL	1	NULL	NULL	CHEBI:15948
373	1	lycopine	2017-10-13 00:05:00	NULL	1	NULL	NULL	NULL
374	1	lysine	2017-10-13 00:05:00	NULL	1	NULL	NULL	CHEBI:25094
375	1	lyxonic acid	2017-10-13 00:05:00	NULL	1	NULL	NULL	NULL
376	1	lyxose	2017-10-13 00:05:00	NULL	1	NULL	NULL	NULL
377	1	malate	2017-10-13 00:05:00	NULL	1	NULL	NULL	CHEBI:15595
378	1	maleate	2017-10-13 00:05:00	NULL	1	NULL	NULL	CHEBI:30780
379	1	maltitol	2017-10-13 00:05:00	NULL	1	NULL	NULL	NULL
380	1	maltose	2017-10-13 00:05:00	NULL	1	NULL	NULL	CHEBI:17306
381	1	maltotriose	2017-10-13 00:05:00	NULL	1	NULL	NULL	CHEBI:61993
382	1	mandelate	2017-10-13 00:05:00	NULL	1	NULL	NULL	CHEBI:25147
383	1	mandelic acid	2017-10-13 00:05:00	NULL	1	NULL	NULL	CHEBI:35825
384	1	mannitol	2017-10-13 00:05:00	NULL	1	NULL	NULL	NULL
385	1	mannose	2017-10-13 00:05:00	NULL	1	NULL	NULL	NULL
386	1	mannose-1-p	2017-10-13 00:05:00	NULL	1	NULL	NULL	NULL
387	1	mannose-6-p	2017-10-13 00:05:00	NULL	1	NULL	NULL	NULL
388	1	melezitose	2017-10-13 00:05:00	NULL	1	NULL	NULL	CHEBI:6731
389	1	melibiose	2017-10-13 00:05:00	NULL	1	NULL	NULL	CHEBI:28053
390	1	menaquinone-8	2017-10-13 00:05:00	NULL	1	NULL	NULL	CHEBI:44027
391	1	methionine	2017-10-13 00:05:00	NULL	1	NULL	NULL	CHEBI:16643
392	1	methionine s-oxide	2017-10-13 00:05:00	NULL	1	NULL	NULL	CHEBI:17016 | CHEBI:49033
393	1	methyl-alpha-mannopyranoside	2017-10-13 00:05:00	NULL	1	NULL	NULL	NULL
394	1	methyl-chavicol	2017-10-13 00:05:00	NULL	1	NULL	NULL	NULL
395	1	methyl-d-glucoside	2017-10-13 00:05:00	NULL	1	NULL	NULL	NULL
396	1	methyl-eugenol	2017-10-13 00:05:00	NULL	1	NULL	NULL	NULL
397	1	methylglyoxal	2017-10-13 00:05:00	NULL	1	NULL	NULL	CHEBI:17158
398	1	methylsalicylate	2017-10-13 00:05:00	NULL	1	NULL	NULL	NULL
399	1	mevalonate	2017-10-13 00:05:00	NULL	1	NULL	NULL	CHEBI:25350
400	1	mevalonate-5-phosphate	2017-10-13 00:05:00	NULL	1	NULL	NULL	NULL
401	1	mevalonate-5-pyrophosphate	2017-10-13 00:05:00	NULL	1	NULL	NULL	NULL
402	1	mevalonolactone	2017-10-13 00:05:00	NULL	1	NULL	NULL	NULL
403	1	mg-protoporphyrin ix	2017-10-13 00:05:00	NULL	1	NULL	NULL	CHEBI:60492
404	1	mg-protoporphyrin ix monomethylester	2017-10-13 00:05:00	NULL	1	NULL	NULL	NULL
405	1	mggbq	2017-10-13 00:05:00	NULL	1	NULL	NULL	NULL
406	1	monomethylphosphate	2017-10-13 00:05:00	NULL	1	NULL	NULL	NULL
407	1	monovinylprotochlorophyllide a	2017-10-13 00:05:00	NULL	1	NULL	NULL	NULL
408	1	mpbq	2017-10-13 00:05:00	NULL	1	NULL	NULL	NULL
409	1	msbq	2017-10-13 00:05:00	NULL	1	NULL	NULL	NULL
410	1	n-(3-indolylacetyl)-alanine	2017-10-13 00:05:00	NULL	1	NULL	NULL	NULL
411	1	n-(beta-oxoocaproyl)-homoserine lactone	2017-10-13 00:05:00	NULL	1	NULL	NULL	NULL
412	1	n-acetyl-serine	2017-10-13 00:05:00	NULL	1	NULL	NULL	NULL
413	1	n-acetylglutamic acid	2017-10-13 00:05:00	NULL	1	NULL	NULL	CHEBI:17533
414	1	n-butyryl-homoserine lactone	2017-10-13 00:05:00	NULL	1	NULL	NULL	NULL
415	1	n-cinnamoylglycine	2017-10-13 00:05:00	NULL	1	NULL	NULL	NULL
416	1	n-decanoyl-homoserine lactone	2017-10-13 00:05:00	NULL	1	NULL	NULL	NULL
417	1	n-dodecanoyl-homoserine lactone	2017-10-13 00:05:00	NULL	1	NULL	NULL	NULL
418	1	n-heptanoyl-homoserine lactone	2017-10-13 00:05:00	NULL	1	NULL	NULL	NULL
419	1	n-hexanoyl-homoserine lactone	2017-10-13 00:05:00	NULL	1	NULL	NULL	NULL
420	1	n-methyl-calystegine b2	2017-10-13 00:05:00	NULL	1	NULL	NULL	NULL
421	1	n-octanoyl-homoserine lactone	2017-10-13 00:05:00	NULL	1	NULL	NULL	NULL
422	1	n-tetradecanoyl-homoserine lactone	2017-10-13 00:05:00	NULL	1	NULL	NULL	NULL
423	1	nad	2017-10-13 00:05:00	NULL	1	NULL	NULL	NULL
424	1	nadh	2017-10-13 00:05:00	NULL	1	NULL	NULL	CHEBI:16908 | CHEBI:57945
425	1	nadp	2017-10-13 00:05:00	NULL	1	NULL	NULL	NULL
426	1	nadph	2017-10-13 00:05:00	NULL	1	NULL	NULL	CHEBI:16474 | CHEBI:57783
427	1	naringenin	2017-10-13 00:05:00	NULL	1	NULL	NULL	CHEBI:50202
428	1	neopa	2017-10-13 00:05:00	NULL	1	NULL	NULL	NULL
429	1	neophytadiene	2017-10-13 00:05:00	NULL	1	NULL	NULL	NULL
430	1	neoxanthin	2017-10-13 00:05:00	NULL	1	NULL	NULL	NULL
431	1	neral	2017-10-13 00:05:00	NULL	1	NULL	NULL	CHEBI:29020
432	1	neryl pyrophosphate	2017-10-13 00:05:00	NULL	1	NULL	NULL	NULL
433	1	neurosporene	2017-10-13 00:05:00	NULL	1	NULL	NULL	CHEBI:16833
434	1	nicotinamide	2017-10-13 00:05:00	NULL	1	NULL	NULL	CHEBI:17154
435	1	nicotinate	2017-10-13 00:05:00	NULL	1	NULL	NULL	CHEBI:32544
436	1	nicotine	2017-10-13 00:05:00	NULL	1	NULL	NULL	CHEBI:18723
437	1	nonanoate	2017-10-13 00:05:00	NULL	1	NULL	NULL	CHEBI:32361
438	1	nonaprenyl-4-hydroxybenzoate	2017-10-13 00:05:00	NULL	1	NULL	NULL	NULL
439	1	noradrenaline	2017-10-13 00:05:00	NULL	1	NULL	NULL	CHEBI:33569
440	1	norleucine	2017-10-13 00:05:00	NULL	1	NULL	NULL	CHEBI:18347
441	1	norvaline	2017-10-13 00:05:00	NULL	1	NULL	NULL	CHEBI:19475
442	1	o-acetyl-serine	2017-10-13 00:05:00	NULL	1	NULL	NULL	NULL
443	1	o-succinylhomoserine	2017-10-13 00:05:00	NULL	1	NULL	NULL	NULL
444	1	octadecanol	2017-10-13 00:05:00	NULL	1	NULL	NULL	CHEBI:32154
445	1	oh-pa	2017-10-13 00:05:00	NULL	1	NULL	NULL	NULL
446	1	oleanolate	2017-10-13 00:05:00	NULL	1	NULL	NULL	NULL
447	1	oleic acid	2017-10-13 00:05:00	NULL	1	NULL	NULL	CHEBI:16196
448	1	oleyl alcohol	2017-10-13 00:05:00	NULL	1	NULL	NULL	NULL
449	1	oleyl oleate	2017-10-13 00:05:00	NULL	1	NULL	NULL	NULL
450	1	oligofructan (total)	2017-10-13 00:05:00	NULL	1	NULL	NULL	NULL
451	1	ononitol	2017-10-13 00:05:00	NULL	1	NULL	NULL	NULL
452	1	ornithine	2017-10-13 00:05:00	NULL	1	NULL	NULL	CHEBI:44667
453	1	orotate	2017-10-13 00:05:00	NULL	1	NULL	NULL	CHEBI:30839
454	1	oxalate	2017-10-13 00:05:00	NULL	1	NULL	NULL	CHEBI:30623
455	1	oxaloacetate	2017-10-13 00:05:00	NULL	1	NULL	NULL	CHEBI:16452
456	1	oxophytodienoic acid	2017-10-13 00:05:00	NULL	1	NULL	NULL	NULL
457	1	p-enolpyruvate	2017-10-13 00:05:00	NULL	1	NULL	NULL	NULL
458	1	pa	2017-10-13 00:05:00	NULL	1	NULL	NULL	CHEBI:30745 | CHEBI:30768 | CHEBI:7959 | CHEBI:8429
459	1	palmitic acid	2017-10-13 00:05:00	NULL	1	NULL	NULL	CHEBI:15756
460	1	pantothenate	2017-10-13 00:05:00	NULL	1	NULL	NULL	CHEBI:16454 | CHEBI:29032
461	1	parabanate	2017-10-13 00:05:00	NULL	1	NULL	NULL	NULL
462	1	pentadecane	2017-10-13 00:05:00	NULL	1	NULL	NULL	CHEBI:28897
463	1	pentadecanoic acid	2017-10-13 00:05:00	NULL	1	NULL	NULL	CHEBI:42504
464	1	pentanoic acid	2017-10-13 00:05:00	NULL	1	NULL	NULL	CHEBI:17418
465	1	phenylacetate	2017-10-13 00:05:00	NULL	1	NULL	NULL	CHEBI:18401
466	1	phenylalanine	2017-10-13 00:05:00	NULL	1	NULL	NULL	CHEBI:17295
467	1	phenylethanol	2017-10-13 00:05:00	NULL	1	NULL	NULL	NULL
468	1	phenylpyruvate	2017-10-13 00:05:00	NULL	1	NULL	NULL	NULL
469	1	pheophorbide a	2017-10-13 00:05:00	NULL	1	NULL	NULL	CHEBI:38257 | CHEBI:58687
470	1	pheophytin a	2017-10-13 00:05:00	NULL	1	NULL	NULL	CHEBI:44898
471	1	phosphatidylcholine	2017-10-13 00:05:00	NULL	1	NULL	NULL	CHEBI:49183
472	1	phosphatidylethanolamine glycine	2017-10-13 00:05:00	NULL	1	NULL	NULL	NULL
473	1	phosphatidylserine	2017-10-13 00:05:00	NULL	1	NULL	NULL	NULL
474	1	phylloquinone	2017-10-13 00:05:00	NULL	1	NULL	NULL	CHEBI:18067
475	1	phytochromobilin	2017-10-13 00:05:00	NULL	1	NULL	NULL	NULL
476	1	phytoene	2017-10-13 00:05:00	NULL	1	NULL	NULL	CHEBI:8191
477	1	phytol	2017-10-13 00:05:00	NULL	1	NULL	NULL	CHEBI:17327
478	1	phytyl pyrophosphate	2017-10-13 00:05:00	NULL	1	NULL	NULL	NULL
479	1	phytyl-pp	2017-10-13 00:05:00	NULL	1	NULL	NULL	NULL
480	1	pinitol	2017-10-13 00:05:00	NULL	1	NULL	NULL	NULL
481	1	plastochromanol-8	2017-10-13 00:05:00	NULL	1	NULL	NULL	NULL
482	1	plastoquinol-9	2017-10-13 00:05:00	NULL	1	NULL	NULL	CHEBI:28026
483	1	plastoquinone	2017-10-13 00:05:00	NULL	1	NULL	NULL	CHEBI:17757
484	1	polyprenyl diphosphate	2017-10-13 00:05:00	NULL	1	NULL	NULL	CHEBI:55337
485	1	porphobilinogen	2017-10-13 00:05:00	NULL	1	NULL	NULL	CHEBI:17381 | CHEBI:58126
486	1	ppi	2017-10-13 00:05:00	NULL	1	NULL	NULL	CHEBI:53266
487	1	prephenate	2017-10-13 00:05:00	NULL	1	NULL	NULL	CHEBI:57852
488	1	primary fluorescent chlorophyll catabolite	2017-10-13 00:05:00	NULL	1	NULL	NULL	CHEBI:47951 | CHEBI:58719
489	1	proline	2017-10-13 00:05:00	NULL	1	NULL	NULL	CHEBI:17203 | CHEBI:26271 | CHEBI:26271 | CHEBI:26271
490	1	prolycopene	2017-10-13 00:05:00	NULL	1	NULL	NULL	CHEBI:62466
491	1	propanol	2017-10-13 00:05:00	NULL	1	NULL	NULL	NULL
492	1	propyl gallate	2017-10-13 00:05:00	NULL	1	NULL	NULL	NULL
493	1	protohaem xi	2017-10-13 00:05:00	NULL	1	NULL	NULL	NULL
494	1	protoporphirinogen ix	2017-10-13 00:05:00	NULL	1	NULL	NULL	NULL
495	1	protoporphyrin ix	2017-10-13 00:05:00	NULL	1	NULL	NULL	CHEBI:15430
496	1	pseudoionone	2017-10-13 00:05:00	NULL	1	NULL	NULL	CHEBI:67207
497	1	psicose	2017-10-13 00:05:00	NULL	1	NULL	NULL	NULL
498	1	putrescine	2017-10-13 00:05:00	NULL	1	NULL	NULL	CHEBI:17148 | CHEBI:326268
499	1	pyroglutamate	2017-10-13 00:05:00	NULL	1	NULL	NULL	CHEBI:57606
500	1	pyropheorbide a	2017-10-13 00:05:00	NULL	1	NULL	NULL	NULL
501	1	pyruvate	2017-10-13 00:05:00	NULL	1	NULL	NULL	CHEBI:15361
502	1	quebranchitol	2017-10-13 00:05:00	NULL	1	NULL	NULL	NULL
503	1	quinate	2017-10-13 00:05:00	NULL	1	NULL	NULL	CHEBI:29751
504	1	raffinose	2017-10-13 00:05:00	NULL	1	NULL	NULL	CHEBI:16634
505	1	red chlorophyll catabolite	2017-10-13 00:05:00	NULL	1	NULL	NULL	CHEBI:47899 | CHEBI:58716
506	1	rhamnose	2017-10-13 00:05:00	NULL	1	NULL	NULL	NULL
507	1	ribitol	2017-10-13 00:05:00	NULL	1	NULL	NULL	NULL
508	1	ribonate	2017-10-13 00:05:00	NULL	1	NULL	NULL	NULL
509	1	ribose	2017-10-13 00:05:00	NULL	1	NULL	NULL	CHEBI:47013
510	1	ribulose-1,5-bisp	2017-10-13 00:05:00	NULL	1	NULL	NULL	NULL
511	1	rutin	2017-10-13 00:05:00	NULL	1	NULL	NULL	CHEBI:61606
512	1	s-methylcysteine	2017-10-13 00:05:00	NULL	1	NULL	NULL	NULL
513	1	saccharate	2017-10-13 00:05:00	NULL	1	NULL	NULL	NULL
514	1	salicin	2017-10-13 00:05:00	NULL	1	NULL	NULL	CHEBI:17814
515	1	salicylate	2017-10-13 00:05:00	NULL	1	NULL	NULL	CHEBI:30762
516	1	salicylic acid-glucose	2017-10-13 00:05:00	NULL	1	NULL	NULL	NULL
517	1	sephchc	2017-10-13 00:05:00	NULL	1	NULL	NULL	CHEBI:50271
518	1	sequoyitol	2017-10-13 00:05:00	NULL	1	NULL	NULL	NULL
519	1	serine	2017-10-13 00:05:00	NULL	1	NULL	NULL	CHEBI:17115
520	1	sesquiterpene	2017-10-13 00:05:00	NULL	1	NULL	NULL	NULL
521	1	shikimate	2017-10-13 00:05:00	NULL	1	NULL	NULL	CHEBI:36208
522	1	sinapinaldehyde	2017-10-13 00:05:00	NULL	1	NULL	NULL	NULL
523	1	sinapinate	2017-10-13 00:05:00	NULL	1	NULL	NULL	NULL
524	1	sinapyl alcohol	2017-10-13 00:05:00	NULL	1	NULL	NULL	CHEBI:28813
525	1	solanesyl diphosphate	2017-10-13 00:05:00	NULL	1	NULL	NULL	CHEBI:18144
526	1	sophorose	2017-10-13 00:05:00	NULL	1	NULL	NULL	CHEBI:1230
527	1	sorbitol	2017-10-13 00:05:00	NULL	1	NULL	NULL	NULL
528	1	sorbitol-6-p	2017-10-13 00:05:00	NULL	1	NULL	NULL	NULL
529	1	sorbose	2017-10-13 00:05:00	NULL	1	NULL	NULL	NULL
530	1	spermidine	2017-10-13 00:05:00	NULL	1	NULL	NULL	CHEBI:16610 | CHEBI:57834
531	1	spermine	2017-10-13 00:05:00	NULL	1	NULL	NULL	CHEBI:15746 | CHEBI:45725
532	1	squalen	2017-10-13 00:05:00	NULL	1	NULL	NULL	NULL
533	1	squalene	2017-10-13 00:05:00	NULL	1	NULL	NULL	CHEBI:15440
534	1	stachyose	2017-10-13 00:05:00	NULL	1	NULL	NULL	CHEBI:17164
535	1	starch (total)	2017-10-13 00:05:00	NULL	1	NULL	NULL	NULL
536	1	stearic acid	2017-10-13 00:05:00	NULL	1	NULL	NULL	CHEBI:28842
537	1	stigmastadienone	2017-10-13 00:05:00	NULL	1	NULL	NULL	NULL
538	1	stigmastanol	2017-10-13 00:05:00	NULL	1	NULL	NULL	NULL
539	1	stigmasterol	2017-10-13 00:05:00	NULL	1	NULL	NULL	NULL
540	1	stigmasterol acetate	2017-10-13 00:05:00	NULL	1	NULL	NULL	NULL
541	1	suberate	2017-10-13 00:05:00	NULL	1	NULL	NULL	CHEBI:132953
542	1	suberyl glycine	2017-10-13 00:05:00	NULL	1	NULL	NULL	NULL
543	1	succinate	2017-10-13 00:05:00	NULL	1	NULL	NULL	CHEBI:30031
544	1	succinylbenzoate	2017-10-13 00:05:00	NULL	1	NULL	NULL	NULL
545	1	sucrose	2017-10-13 00:05:00	NULL	1	NULL	NULL	CHEBI:17992
546	1	sucrose-6-p	2017-10-13 00:05:00	NULL	1	NULL	NULL	NULL
547	1	sulfate	2017-10-13 00:05:00	NULL	1	NULL	NULL	CHEBI:16189
548	1	tagatose	2017-10-13 00:05:00	NULL	1	NULL	NULL	NULL
549	1	tetradecanoic acid	2017-10-13 00:05:00	NULL	1	NULL	NULL	NULL
550	1	tetrahydrogeranylgeranyl-chlorophyll a	2017-10-13 00:05:00	NULL	1	NULL	NULL	NULL
551	1	threitol	2017-10-13 00:05:00	NULL	1	NULL	NULL	NULL
552	1	threonate	2017-10-13 00:05:00	NULL	1	NULL	NULL	NULL
553	1	threonic acid-1,4-lactone	2017-10-13 00:05:00	NULL	1	NULL	NULL	NULL
554	1	threonine	2017-10-13 00:05:00	NULL	1	NULL	NULL	CHEBI:16857
555	1	thymidine	2017-10-13 00:05:00	NULL	1	NULL	NULL	CHEBI:17748
556	1	tocopherol acetate	2017-10-13 00:05:00	NULL	1	NULL	NULL	NULL
557	1	trans-3,5-dimethoxy-4-hydroxycinnamaldehyde	2017-10-13 00:05:00	NULL	1	NULL	NULL	NULL
558	1	trans-cinnamate	2017-10-13 00:05:00	NULL	1	NULL	NULL	CHEBI:15669
559	1	trehalose	2017-10-13 00:05:00	NULL	1	NULL	NULL	CHEBI:27082
560	1	tri-cis-z-carotene	2017-10-13 00:05:00	NULL	1	NULL	NULL	NULL
561	1	tridecanoic acid	2017-10-13 00:05:00	NULL	1	NULL	NULL	CHEBI:45919
562	1	trilinolein	2017-10-13 00:05:00	NULL	1	NULL	NULL	NULL
563	1	triolein	2017-10-13 00:05:00	NULL	1	NULL	NULL	CHEBI:53753
564	1	triphosphoinositide	2017-10-13 00:05:00	NULL	1	NULL	NULL	NULL
565	1	tryptamine	2017-10-13 00:05:00	NULL	1	NULL	NULL	CHEBI:16765 | CHEBI:57887
566	1	tryptophan	2017-10-13 00:05:00	NULL	1	NULL	NULL	CHEBI:16828
567	1	tyramine	2017-10-13 00:05:00	NULL	1	NULL	NULL	CHEBI:15760 | CHEBI:327995
568	1	tyrosine	2017-10-13 00:05:00	NULL	1	NULL	NULL	CHEBI:18186
569	1	ubiquinol-10	2017-10-13 00:05:00	NULL	1	NULL	NULL	CHEBI:64183
570	1	ubiquinol-9	2017-10-13 00:05:00	NULL	1	NULL	NULL	NULL
571	1	ubiquinone-10	2017-10-13 00:05:00	NULL	1	NULL	NULL	NULL
572	1	ubiquinone-20	2017-10-13 00:05:00	NULL	1	NULL	NULL	NULL
573	1	ubiquinone-9	2017-10-13 00:05:00	NULL	1	NULL	NULL	NULL
574	1	udp	2017-10-13 00:05:00	NULL	1	NULL	NULL	CHEBI:17659 | CHEBI:58223
575	1	udp-glucose	2017-10-13 00:05:00	NULL	1	NULL	NULL	NULL
576	1	ump	2017-10-13 00:05:00	NULL	1	NULL	NULL	CHEBI:16695 | CHEBI:57865
577	1	undecanoic acid	2017-10-13 00:05:00	NULL	1	NULL	NULL	CHEBI:32368
578	1	uracil	2017-10-13 00:05:00	NULL	1	NULL	NULL	CHEBI:17568
579	1	urate	2017-10-13 00:05:00	NULL	1	NULL	NULL	NULL
580	1	urea	2017-10-13 00:05:00	NULL	1	NULL	NULL	CHEBI:16199
581	1	uridine	2017-10-13 00:05:00	NULL	1	NULL	NULL	CHEBI:16704
582	1	uroporphirinogen iii	2017-10-13 00:05:00	NULL	1	NULL	NULL	NULL
583	1	ursolate	2017-10-13 00:05:00	NULL	1	NULL	NULL	NULL
584	1	utp	2017-10-13 00:05:00	NULL	1	NULL	NULL	CHEBI:15713 | CHEBI:46398
585	1	valine	2017-10-13 00:05:00	NULL	1	NULL	NULL	CHEBI:27266
586	1	viburnitol	2017-10-13 00:05:00	NULL	1	NULL	NULL	NULL
587	1	violaxanthin	2017-10-13 00:05:00	NULL	1	NULL	NULL	NULL
588	1	vitamin k	2017-10-13 00:05:00	NULL	1	NULL	NULL	CHEBI:28384
589	1	xanthine	2017-10-13 00:05:00	NULL	1	NULL	NULL	CHEBI:17712
590	1	xanthosine	2017-10-13 00:05:00	NULL	1	NULL	NULL	CHEBI:18107
591	1	xanthoxin	2017-10-13 00:05:00	NULL	1	NULL	NULL	CHEBI:32304
592	1	xylitol	2017-10-13 00:05:00	NULL	1	NULL	NULL	CHEBI:17151
593	1	xylose	2017-10-13 00:05:00	NULL	1	NULL	NULL	CHEBI:18222
594	1	zeatin	2017-10-13 00:05:00	NULL	1	NULL	NULL	CHEBI:15333
595	1	zeaxanthin	2017-10-13 00:05:00	NULL	1	NULL	NULL	CHEBI:27547
596	1	zeta carotene	2017-10-13 00:05:00	NULL	1	NULL	NULL	NULL
